"day_from_first_ptvisit","count","avg_Efficiency","sd_Efficiency","se_Efficiency","ci_lower_Efficiency","ci_upper_Efficiency","avg_tib","sd_tib","se_tib","ci_lower_tib","ci_upper_tib","avg_tst","sd_tst","se_tst","ci_lower_tst","ci_upper_tst","avg_waso","sd_waso","se_waso","ci_lower_waso","ci_upper_waso","avg_mi","sd_mi","se_mi","ci_lower_mi","ci_upper_mi","avg_fi","sd_fi","se_fi","ci_lower_fi","ci_upper_fi","avg_sfi","sd_sfi","se_sfi","ci_lower_sfi","ci_upper_sfi"
-2,33,82.5966666666667,9.40836186148613,1.63778557923049,79.3866069313749,85.8067264019584,518.121212121212,119.279806960293,20.763949198496,477.42387169216,558.818552550264,425.363636363636,99.7540156402921,17.3649452148301,391.328343742569,459.398928984703,92.7575757575758,60.7361251146251,10.5728022917859,72.0348832656753,113.480268249476,65.4784848484849,6.11860539727606,1.0651124852757,63.3908643773445,67.5661053196252,38.4975757575758,23.7101022812934,4.1273990275974,30.4078736634849,46.5872778516667,103.976060606061,23.7396178543635,4.13253702937162,95.8762880284922,112.075833183629
-1,34,82.8408823529412,9.62418524458582,1.65053415259588,79.6058354138533,86.0759292920291,582.323529411765,117.328526224246,20.121676244314,542.885043972909,621.76201485062,480,105.171144792522,18.0367025297355,444.648063041718,515.351936958282,102.323529411765,74.4139611323588,12.7618890490492,77.3102268756283,127.336831947901,62.8994117647059,6.06953392508322,1.04091648062623,60.8592154626785,64.9396080667333,35.8855882352941,31.6645524198041,5.43042593916721,25.2419533945264,46.5292230760619,98.785,30.6230351255885,5.25180719680779,88.4914578942567,109.078542105743
0,38,82.4142105263158,11.4583817147994,1.8587949656335,78.7709723936741,86.0574486589574,556.447368421053,136.522980417499,22.146951900334,513.039342696398,599.855394145707,453.973684210526,113.171357001315,18.3588183640503,417.990400216988,489.956968204065,102.473684210526,82.4803782864504,13.3800841810309,76.2487192157058,128.698649205347,62.9968421052632,6.68775771628225,1.08489756091353,60.8704428858726,65.1232413246537,36.0339473684211,18.0216150308866,2.92349200138194,30.3039030457124,41.7639916911297,99.0307894736842,15.7873146787315,2.56104062302237,94.0111498525604,104.050429094808
1,37,83.3591891891892,8.72112995303118,1.43374493243674,80.5490491216132,86.1693292567652,553.621621621622,113.012376743865,18.5791202896629,517.206545853882,590.036697389361,459.081081081081,92.7494769013037,15.247920075676,429.195157732756,488.967004429406,94.5405405405405,61.4001423245702,10.0941212185641,74.7560629521548,114.325018128926,64.7362162162162,6.52994016960482,1.07351555104761,62.6321257361629,66.8403066962695,30.5075675675676,12.1600407540905,1.99909838556435,26.5893347318614,34.4258004032737,95.2437837837838,12.7233076480728,2.09169889251767,91.1440539544491,99.3435136131184
2,43,82.4967441860465,11.4886038193819,1.75199565757343,79.0628326972026,85.9306556748904,553.279069767442,145.447802056008,22.1805818715609,509.805129299183,596.753010235701,450.558139534884,121.704619454055,18.559780469617,414.180969814434,486.935309255333,102.720930232558,77.5107751592044,11.8202823971506,79.5531767341429,125.888683730973,64.0367441860465,8.27672057236446,1.26218805432804,61.5628555995635,66.5106327725295,32.2683720930233,14.3815816287349,2.19317063750372,27.969757643516,36.5669865425305,96.3051162790698,15.6468042335888,2.38611527589644,91.6283303383128,100.981902219827
3,42,84.2969047619048,9.92577686044732,1.53158062054324,81.29500674564,87.2988027781695,552.285714285714,121.174392713466,18.6976147253099,515.638389424107,588.933039147322,464.880952380952,115.310228933221,17.7927546092917,430.007153346741,499.754751415164,87.4047619047619,63.2795036842681,9.7642394024211,68.2668526760166,106.542671133507,63.7983333333333,7.44584183078755,1.14891833777839,61.5464533912877,66.050213275379,35.9454761904762,18.9702807624647,2.92717787136972,30.2082075625915,41.6827448183608,99.7438095238095,19.3806371755081,2.99049724058076,93.8824349322712,105.605184115348
4,40,81.2805,9.09165155231534,1.4375163298961,78.4629679934037,84.0980320065964,560.975,114.526782781841,18.1082743340986,525.482782305167,596.467217694833,455.325,102.776178897242,16.2503407262109,423.474332176627,487.175667823373,105.65,57.9860947080175,9.16840659477859,87.679923074234,123.620076925766,64.354,6.53681165910925,1.03356067391647,62.3282210791237,66.3797789208763,35.453,20.6675251517311,3.26782265391436,29.0480675983279,41.8579324016722,99.807,20.5351192862999,3.24688744839794,93.44310060114,106.17089939886
5,38,81.2597368421053,10.9824445875254,1.78158776847822,77.767824815888,84.7516488683226,602.131578947368,131.649241393947,21.3563270297129,560.273177969131,643.989979925606,485.736842105263,114.416187715637,18.5607565715947,449.357759224938,522.115924985589,116.394736842105,81.061718053053,13.1499471018675,90.6208405224451,142.168633161765,62.9136842105263,7.17819348690321,1.16445674859702,60.6313489832761,65.1960194377765,33.7192105263158,16.5776258172956,2.68924601905571,28.4482883289666,38.990132723665,96.6328947368421,16.6504579772895,2.70106095555395,91.3388152639564,101.926974209728
6,44,82.2895454545454,10.5767267444041,1.59450155096844,79.1643224146473,85.4147684944436,575.295454545455,135.584107517867,20.4400732805441,535.232910915588,615.357998175321,471.795454545455,118.539480136161,17.8704990207015,436.76927646488,506.82163262603,103.5,72.7907162493475,10.9736133645596,81.9917178054632,125.008282194537,63.5713636363636,7.65531995926016,1.15408290704476,61.3093611385559,65.8333661341714,35.3293181818182,21.0801197425803,3.17794762372282,29.1005408393215,41.5580955243149,98.9006818181818,20.2857998676044,3.05819939695841,92.9066110001433,104.89475263622
7,39,79.6012820512821,10.7841946188043,1.72685317458389,76.2166498290976,82.9859142734665,548.461538461538,135.80749652858,21.7466036920123,505.838195225194,591.084881697883,430.179487179487,95.2119164907175,15.2461084079027,400.297114699998,460.061859658977,118.282051282051,79.6095566591787,12.7477313330758,93.2964978692228,143.26760469488,64.4982051282051,5.9521733632589,0.953110531786464,62.6301084859037,66.3663017705066,30.1753846153846,14.8850465137533,2.38351501755016,25.5036951809863,34.8470740497829,94.6735897435897,15.5781173254732,2.49449516708706,89.7843792160991,99.5628002710804
8,38,82.0615789473684,11.9533119975099,1.93908325945546,78.2609757588357,85.8621821359011,555.315789473684,120.780592960319,19.5931994350392,516.913118581007,593.718460366361,451.736842105263,106.823593964985,17.3290752232954,417.771854667604,485.701829542922,103.578947368421,86.0589463537096,13.9606045785148,76.216162394532,130.94173234231,64.6165789473684,6.96659879646418,1.13013155721028,62.4015210952363,66.8316367995006,33.9921052631579,18.3316850433658,2.97379199945634,28.1634729442235,39.8207375820923,98.6086842105263,18.9871957098622,3.08012987134176,92.5716296626965,104.645738758356
9,42,80.2080952380952,9.16902027856615,1.41481054485311,77.4350665701831,82.9811239060073,593.928571428571,109.221947418591,16.853312376072,560.89607917147,626.961063685673,476.809523809524,105.574673167393,16.2905257408817,444.880093357396,508.738954261652,117.119047619048,60.8990377516004,9.39692553453984,98.7010735713495,135.537021666746,62.9828571428571,6.99976664618509,1.08008744245928,60.865885755637,65.0998285300773,28.1033333333333,9.99648905846122,1.54249174957996,25.0800495041566,31.1266171625101,91.0861904761905,11.4680803999795,1.76956322335145,87.6178465584216,94.5545343939593
10,43,80.6332558139535,10.0517278118953,1.53287412068652,77.6288225374079,83.6376890904991,580.441860465116,119.554789656415,18.2319344990185,544.70726884704,616.176452083193,466.093023255814,104.280257446092,15.902590174445,434.923946513902,497.262099997726,114.348837209302,68.4487586311069,10.4383378322853,93.8896950580231,134.807979360582,63.9151162790698,7.20852417763099,1.09928963129674,61.7605086017281,66.0697239564114,32.1888372093023,16.0354231698067,2.44537910807384,27.3958941574776,36.9817802611271,96.1039534883721,17.4376262773424,2.65921307728897,90.8918958568857,101.316011119858
11,37,82.6235135135135,9.75776192924729,1.60416617953502,79.4793478016249,85.7676792254022,568.756756756757,112.081915828807,18.4261534575002,532.641495980056,604.872017533457,467,98.5235448453256,16.1971709983055,435.253544843321,498.746455156679,101.756756756757,64.0548399617275,10.5305508217147,81.1168771461959,122.396636367318,64.1348648648649,7.34045700273553,1.20676369760824,61.7696080175527,66.500121712177,30.7075675675676,17.5100468629053,2.87863397193099,25.0654449825828,36.3496901525523,94.8424324324324,17.7604523849737,2.9198003861747,89.11962367553,100.565241189335
12,41,81.2612195121951,11.5760222432237,1.80787094143042,77.7177924669915,84.8046465573988,582.634146341463,123.324522317656,19.2600545834637,544.884439357874,620.383853325052,468.414634146341,95.6867220699288,14.9437553484503,439.124873663379,497.704394629304,114.219512195122,83.8169172050374,13.0900032698165,88.5631057862816,139.875918603962,63.8939024390244,6.13803220830943,0.958599580565111,62.0150472611168,65.772757616932,30.1863414634146,17.5540865265182,2.74148772936444,24.8130255138603,35.5596574129689,94.080243902439,18.1994854992943,2.84228211486193,88.5093709573096,99.6511168475684
13,38,80.6015789473684,9.86877098137291,1.60092605341234,77.4637638826802,83.7393940120566,563.657894736842,97.2798349471255,15.7808730724887,532.727383514764,594.58840595892,451.315789473684,81.4464192178756,13.2123538715356,425.419575885474,477.212003061894,112.342105263158,65.4094283293089,10.6108104189313,91.5449168420526,133.139293684263,64.6363157894737,5.96512042924698,0.967670313248589,62.7396819755064,66.5329496034409,31.6455263157895,13.8715003762563,2.2502545042522,27.2350274874552,36.0560251441238,96.2818421052632,15.2122274530229,2.46774915599378,91.4450537595153,101.118630451011
14,39,82.5541025641026,9.85459383070409,1.57799791660965,79.4612266475477,85.6469784806575,562.871794871795,118.808598724605,19.0246015699404,525.583575794712,600.160013948878,458.846153846154,85.5027049315242,13.6913902860261,432.011028885543,485.681278806765,104.025641025641,68.5582684097362,10.9781089485247,82.5085474865326,125.542734564749,64.9523076923077,5.15631981243378,0.825671971993615,63.3339906272002,66.5706247574152,35.3174358974359,22.0209903116321,3.52618052356135,28.4061220712556,42.2287497236162,100.269743589744,21.9388249322111,3.51302353304798,93.3842174649695,107.155269714518
15,35,84.5271428571429,8.94345951336656,1.5117205719428,81.564170536135,87.4901151781507,562.4,101.31929727352,17.1260870353638,528.832869410687,595.967130589313,473.685714285714,91.5779229202462,15.4794942390492,443.345905577178,504.025522994251,88.7142857142857,61.1057768659114,10.3287614613433,68.4699132500529,108.958658178519,62.828,6.78129295323886,1.14624771839807,60.5813544719398,65.0746455280602,33.8997142857143,20.5137584369633,3.46745804469451,27.103496518113,40.6959320533155,96.7277142857143,20.6694396585471,3.49377297405508,89.8799192565663,103.575509314862
16,36,82.7833333333333,10.58387506675,1.76397917779166,79.3259341448617,86.240732521805,552.361111111111,124.965401560998,20.8275669268331,511.539079934518,593.183142287704,454.361111111111,100.576098489162,16.762683081527,421.506252271318,487.215969950904,98,66.8636138504557,11.1439356417426,76.1578861421845,119.842113857816,65.1833333333333,5.70082299822954,0.95013716637159,63.321064487245,67.0456021794216,30.4158333333333,14.4512835564379,2.40854725940631,25.695080704897,35.1365859617697,95.5991666666667,15.4839777788895,2.58066296314824,90.5410672588961,100.657266074437
17,36,82.525,9.25232125314662,1.5420535421911,79.5025750573054,85.5474249426946,567.25,128.894059488514,21.4823432480857,525.144607233752,609.355392766248,465.333333333333,106.032070620167,17.6720117700278,430.696190264079,499.970476402588,101.916666666667,64.6968204120463,10.7828034020077,80.7823719987315,123.050961334602,64.1125,8.06562206439865,1.34427034406644,61.4777301256298,66.7472698743702,28.155,15.934685348097,2.6557808913495,22.949669452955,33.360330547045,92.2675,19.9953000727671,3.33255001212785,85.7357019762294,98.7992980237706
18,38,81.9563157894737,9.88460594603511,1.6034948238834,78.8134659346622,85.0991656442851,585.263157894737,105.69325433243,17.145709921742,551.657566448123,618.868749341351,480.105263157895,107.490738626495,17.4373003783853,445.928154416259,514.28237189953,105.157894736842,58.1421958304691,9.4319096352818,86.6713518516898,123.644437621994,63.1447368421053,6.8339829456803,1.10861842543165,60.9718447282592,65.3176289559513,31.6415789473684,14.2390603862329,2.30988061142145,27.1142129489824,36.1689449457545,94.7863157894737,16.0110422067469,2.5973340205631,89.69554110917,99.8770904697774
19,37,81.9505405405405,11.9027228318066,1.95679557972536,78.1152212042788,85.7858598768023,578.189189189189,107.968575118935,17.7499244103554,543.399337344893,612.979041033486,469.324324324324,93.2329978703457,15.3274104333274,439.282599875003,499.366048773646,108.864864864865,85.503463920138,14.0566828795708,81.313766420906,136.415963308824,63.5372972972973,6.82508227408638,1.12203661413555,61.3381055335916,65.736489061003,34.1651351351351,21.2733536537067,3.4973177972581,27.3103922525093,41.019878017761,97.7024324324324,21.0285140286291,3.45706641084313,90.9265822671799,104.478282597685
20,36,82.9669444444445,9.71632494294141,1.61938749049024,79.7929449630836,86.1409439258053,579.027777777778,125.13592292523,20.8559871542051,538.150042955536,619.90551260002,476.861111111111,102.324177502618,17.0540295837697,443.435213126923,510.2870090953,102.166666666667,68.0837719284118,11.347295321402,79.9259678367188,124.407365496615,63.3047222222222,6.58489331125683,1.0974822185428,61.1536570738783,65.4557873705661,33.1777777777778,19.2957573591578,3.21595955985963,26.8744970404529,39.4810585151027,96.4825,19.0648355993062,3.17747259988436,90.2546537042267,102.710346295773
21,34,83.4635294117647,9.80030824572523,1.68073899810234,80.1692809754841,86.7577778480453,536.411764705882,106.718013488127,18.3019883224329,500.539867593914,572.283661817851,445.352941176471,95.3303291600003,16.3490165721097,413.308868695136,477.397013657806,91.0588235294118,60.9261555896777,10.4487494818021,70.5792745450797,111.538372513744,64.4738235294118,6.63905251304316,1.13858811267372,62.2421908285713,66.7054562302523,32.5817647058823,12.1085936101467,2.07660667220579,28.511615628359,36.6519137834057,97.0555882352941,10.8867222969435,1.86705747076521,93.3961555925943,100.715020877994
22,35,79.9931428571429,12.3381848153533,2.08553387846453,75.9054964553524,84.0807892589333,551.057142857143,126.410382777482,21.3672545692499,509.177323901413,592.936961812873,434.571428571429,98.6968876421749,16.6828189038493,401.873103519884,467.269753622973,116.485714285714,88.3999505684489,14.942318868143,87.198769304154,145.772659267275,66.6888571428571,6.41613534560402,1.08452481725025,64.5631885010467,68.8145257846676,34.5671428571429,14.6516256017245,2.47657674319735,29.7130524404761,39.4212332738097,101.256,11.9905816470801,2.02677821913988,97.2835146904858,105.228485309514
23,37,83.0956756756757,10.9394123193109,1.79842830701047,79.5707561939352,86.6205951574162,523.621621621622,112.272325508449,18.4574566160064,487.445006654249,559.798236588994,433.351351351351,100.774009054423,16.567145035248,400.879747082265,465.822955620437,90.2702702702703,63.7672193078721,10.4832662774928,69.7230683663844,110.817472174156,65.4762162162162,6.51478802902006,1.07102455447996,63.3770080894355,67.5754243429969,33.5951351351351,19.2199421350762,3.15973902307409,27.4020466499099,39.7882236203603,99.0713513513514,20.7063130687455,3.40409689932945,92.3993214286656,105.743381274037
24,33,81.1709090909091,9.81908484904409,1.7092832741517,77.8207138735717,84.5211043082464,574.181818181818,123.964323130048,21.5794187926134,531.886157348296,616.47747901534,464,105.669886912024,18.3947662187489,427.946258211252,500.053741788748,110.181818181818,71.3667703423022,12.4233600943166,85.8320323969577,134.531603966679,63.5987878787879,7.01371547290368,1.22093114906328,61.2057628266239,65.9918129309519,28.9715151515152,15.2199125574878,2.64944670185817,23.7785996158731,34.1644306871572,92.570303030303,16.3678557859697,2.84927796824252,86.9857182125477,98.1548878480584
25,38,84.3126315789474,9.4320699869634,1.53008379749002,81.3136673358669,87.3115958220278,574.710526315789,115.180682477279,18.6847739982753,538.08836927917,611.332683352409,484.973684210526,113.523300821034,18.4159111906432,448.878498276866,521.068870144187,89.7368421052632,57.7687300668966,9.37132548837138,71.3690441480553,108.104640062471,62.9423684210526,7.55729518116052,1.22595516419252,60.5394962992353,65.34524054287,38.6865789473684,29.9598416150972,4.86012808365362,29.1607279034073,48.2124299913295,101.628947368421,30.4406488361323,4.93812531433987,91.9502217523149,111.307672984527
26,33,85.2624242424242,11.23805616819,1.95629447525699,81.4280870709205,89.096761413928,571.393939393939,123.32881338974,21.4687907466835,529.31510953044,613.472769257439,487.787878787879,126.438166106935,22.0100595792324,444.648162012583,530.927595563174,83.6060606060606,69.3523338621074,12.0726917137726,59.9435848470662,107.268536365055,61.7293939393939,7.65426675921424,1.33243681550363,59.1178177810068,64.3409700977811,32.6654545454545,12.8857586337857,2.2431226581803,28.2689341354211,37.0619749554879,94.3948484848485,13.3377226132341,2.32179948829909,89.8441214877823,98.9455754819147
27,34,82.12,9.01810636576451,1.54659248239327,79.0886787345092,85.1513212654908,583.147058823529,145.560803155691,24.9634717934082,534.218654108449,632.075463538609,475.882352941176,119.025274806575,20.412666225526,435.873527139146,515.891178743207,107.264705882353,68.1786018255037,11.6925337500683,84.347339732219,130.182072032487,63.455,7.782880688934,1.33475302648514,60.8388840680891,66.0711159319109,31.3426470588235,11.4816795595427,1.96909179952124,27.4832271317619,35.2020669858852,94.7976470588235,13.9447709454169,2.39150848727536,90.1102904237638,99.4850036938832
28,34,80.9008823529412,11.6436171531866,1.99686386771256,76.9870291722246,84.8147355336578,538.029411764706,131.083707998644,22.4806704570012,493.967297668983,582.091525860428,433.588235294118,120.270935970482,20.6262953527029,393.16069640282,474.015774185415,104.441176470588,72.9355012598702,12.5083352727274,79.9248393360425,128.957513605134,65.0855882352941,7.48920078722507,1.28438733885726,62.5681890511339,67.6029874194544,32.5058823529412,14.4826962828785,2.48376192156234,27.637708986679,37.3740557192034,97.5914705882353,16.2243662867984,2.78245586301974,92.1378570967166,103.045084079754
29,35,82.6525714285714,11.69144190344,1.97621437372072,78.7791912560788,86.525951601064,563.485714285714,121.276876082248,20.499533564219,523.306628499845,603.664800071583,463.828571428571,115.318353652294,19.4923594475049,425.623546911462,502.033595945681,99.6571428571429,78.4316648453937,13.2573710499051,73.6726955993289,125.641590114957,64.0457142857143,8.67386584744633,1.46615092518273,61.1720584723561,66.9193700990724,35.9142857142857,17.2859991434269,2.92186714466014,30.1874261107518,41.6411453178196,99.96,19.6739306458782,3.32550123851953,93.4420175725017,106.477982427498
30,32,80.646875,10.3746612653603,1.83399833331242,77.0522382667076,84.2415117332923,574.125,103.269066036253,18.255564220259,538.344094128292,609.905905871708,461.59375,93.6781929300793,16.5601213675402,429.135912119621,494.051587880379,112.53125,69.9054589104733,12.3576560093883,88.3102442215989,136.752255778401,64.0603125,6.66366337509728,1.17798039001893,61.7514709355629,66.3691540644371,36.7171875,26.3930547113434,4.66567699065462,27.5724605983169,45.8619144016831,100.7775,25.6234310613321,4.52962546518348,91.8994340882404,109.65556591176
31,31,79.0848387096774,11.856674877038,2.12952167232369,74.910976231923,83.2587011874319,543.967741935484,117.068209140645,21.0260710604392,502.756642657023,585.178841213945,427.096774193548,102.228943989691,18.3608603611466,391.109487885701,463.084060501396,116.870967741935,78.4379763190781,14.087876427157,89.2587299447077,144.483205539163,65.8751612903226,6.77008610037211,1.2159433588046,63.4919123070656,68.2584102735796,34.541935483871,17.4160107218147,3.12800786579308,28.4110400669165,40.6728309008254,100.417096774194,18.0117380604146,3.23500365436793,94.0764896116324,106.757703936755
32,32,81.84625,8.57768062116501,1.51633403351955,78.8742352943017,84.8182647056983,590.03125,123.978532058136,21.9165151849655,547.074880237468,632.987619762532,481.25,103.880825018151,18.3637089513969,445.257130455262,517.242869544738,108.78125,61.3581418605603,10.8466895476521,87.5217384866019,130.040761513398,62.80875,7.26961673125584,1.28509882182455,60.2899563092239,65.3275436907761,31.9703125,16.4884417942515,2.91477225097873,26.2573588880817,37.6832661119183,94.7790625,18.5282515511949,3.27536307884501,88.3593508654638,101.198774134536
33,35,83.2782857142857,10.8059040195937,1.82653115166953,79.6982846570134,86.858286771558,580.428571428571,129.705840431404,21.9242885807478,537.456965810306,623.400177046837,481.971428571429,124.143770001769,20.9841270830067,440.842539488735,523.100317654122,98.4571428571429,71.2742602070848,12.047548853329,74.843947104618,122.070338609668,61.6465714285714,8.07090159802745,1.36423136501362,58.9726779531447,64.3204649039981,46.8651428571429,51.1207461265758,8.64098321875437,29.9288157483843,63.8014699659014,108.511714285714,49.637512349723,8.39027095130154,92.0667832211633,124.956645350265
34,32,83.265625,10.1442066535058,1.79325932861292,79.7508367159187,86.7804132840813,576.09375,132.266924491787,23.3817098087079,530.265598774932,621.921901225068,474.75,100.415909290857,17.7511925996446,439.957662504697,509.542337495303,101.34375,72.7468475649987,12.8599473057887,76.1382532806542,126.549246719346,62.5784375,6.19393309273341,1.09494302302189,60.4323491748771,64.7245258251229,36.9865625,23.5183219734653,4.15749123739147,28.8378796747127,45.1352453252873,99.565,23.6069887137058,4.17316545071391,91.3855957166007,107.744404283399
35,36,82.45,9.64821049284714,1.60803508214119,79.2982512390033,85.6017487609967,526.638888888889,144.117442738856,24.0195737898093,479.560524260863,573.717253516915,433.333333333333,123.269739074229,20.5449565123715,393.065218569085,473.601448097582,93.3055555555556,60.3219076263553,10.0536512710592,73.6003990642795,113.010712046832,64.5966666666667,8.06072134311989,1.34345355718665,61.9634976945808,67.2298356387525,32.1680555555556,11.0180010682375,1.83633351137292,28.5688418732646,35.7672692378465,96.7647222222222,13.6200412179177,2.27000686965295,92.3155087577024,101.213935686742
36,32,80.92,10.4939696969259,1.85508928356562,77.2840250042114,84.5559749957886,537.90625,88.6916948415745,15.6786247143513,507.176145559871,568.636354440129,432.59375,77.2957701864059,13.6640908139611,405.812132004636,459.375367995364,105.3125,67.7454616977784,11.9758188402782,81.8398950730548,128.785104926945,65.9484375,5.32856944390785,0.941966896952667,64.1021823819728,67.7946926180272,35.6290625,12.0276260922645,2.12620399285413,31.4617026740059,39.7964223259941,101.5775,12.1768476772455,2.15258289151399,97.3584375326326,105.796562467367
37,32,79.2009375,12.8134484188709,2.26511906684191,74.7613041289898,83.6405708710101,537.34375,136.547429872696,24.1384034041444,490.032479327877,584.655020672123,418.1875,100.024331717257,17.6819708102313,383.530837211947,452.844162788053,119.15625,90.405220151522,15.981536055951,87.8324393303361,150.480060669664,66.740625,6.54873094699492,1.15766301519658,64.4716054902147,69.0096445097853,31.668125,13.8846379342249,2.45448040940259,26.8573433975709,36.4789066024291,98.40875,16.319204350861,2.88485501501571,92.7544341705692,104.063065829431
38,36,81.8927777777778,12.6572356745316,2.1095392790886,77.7580807907641,86.0274747647914,575.638888888889,135.153278651162,22.5255464418604,531.488817862843,619.788959914935,471.888888888889,133.470548442671,22.2450914071118,428.28850973095,515.489268046828,103.75,75.8789920107761,12.6464986684627,78.9628626098131,128.537137390187,63.2694444444444,10.1147292724011,1.68578821206685,59.9652995487934,66.5735893400955,32.8197222222222,20.0684013864171,3.34473356440286,26.2640444359926,39.3754000084518,96.0891666666667,19.4398289785246,3.23997149642077,89.738822533682,102.439510799651
39,36,82.7294444444444,9.92978346604495,1.65496391100749,79.4857151788698,85.9731737100191,554.444444444444,133.088680305264,22.181446717544,510.968808878058,597.920080010831,456.611111111111,115.317023344413,19.2195038907355,418.94088348527,494.281338736953,97.8333333333333,69.9675434959463,11.6612572493244,74.9772691246575,120.689397542009,64.5497222222222,7.84733967154697,1.30788994525783,61.9862579295169,67.1131865149276,29.9727777777778,15.6322872124352,2.60538120207252,24.8662306217156,35.0793249338399,94.5225,17.0342905215165,2.83904842025276,88.9579650963046,100.087034903695
40,35,84.3982857142857,9.93206941463575,1.67882614480767,81.1077864704627,87.6887849581088,589.2,115.338325858167,19.4957353664588,550.988358681741,627.411641318259,494.257142857143,99.9745093561774,16.8987763893538,461.135541134009,527.378744580276,94.9428571428571,66.5626387243593,11.2511394647699,72.8906237919082,116.995090493806,62.5317142857143,6.73020735879935,1.13761267689889,60.3019934389925,64.7614351324361,29.2417142857143,16.4722817958844,2.78432380897576,23.7844396201218,34.6989889513068,91.7734285714286,17.1885731438851,2.90539914505337,86.078846247124,97.4680108957332
41,34,82.6585294117647,9.23985934969462,1.58462280538841,79.5526687132034,85.764390110326,562.647058823529,111.657452994725,19.1490952092115,525.114832213475,600.179285433584,466.147058823529,114.549481792656,19.6450740562482,427.642713673283,504.651403973776,96.5,58.7920062593547,10.0827458911688,76.7378180533091,116.262181946691,62.8779411764706,7.59361964211813,1.30229502473362,60.3254429279927,65.4304394249485,35.2311764705882,16.4166900965295,2.81543912427785,29.7129157870037,40.7494371541728,98.1091176470588,14.5164751476732,2.48955494908234,93.2295899468574,102.98864534726
42,33,84.0536363636364,9.38805951001784,1.6342513934765,80.8505036324224,87.2567690948503,537.787878787879,125.134367175788,21.7830973174607,495.093008045656,580.482749530102,452.818181818182,120.724752677696,21.0154819619647,411.627837172731,494.008526463633,84.969696969697,58.2658159046134,10.1427766550213,65.0898547258552,104.849539213539,63.5978787878788,7.73614679506849,1.34669030021471,60.958365799458,66.2373917762996,32.4221212121212,17.2002515892893,2.99417947851174,26.5535294342382,38.2907129900042,96.02,18.1360381905751,3.15707901653834,89.8321251275849,102.207874872415
43,38,82.2165789473684,11.5318827783028,1.87071841260965,78.5499708586535,85.8831870360833,609.342105263158,138.73448806707,22.5057058140888,565.230921867544,653.453288658772,494.868421052632,110.204274958194,17.8774940984035,459.828532619761,529.908309485502,114.473684210526,86.0966574490414,13.966722125992,87.0989088435821,141.848459577471,61.2142105263158,6.89678994330322,1.118807065843,59.0213486772635,63.4070723753681,38.2528947368421,40.5416487823155,6.57672388045146,25.3625159311572,51.143273542527,99.4671052631579,40.4113359736821,6.55558435144341,86.6181599343288,112.316050591987
44,34,82.6017647058824,8.65616944835974,1.48452081314751,79.6921039121133,85.5114254996515,537.411764705882,108.629232531708,18.6297596843044,500.897435724646,573.926093687119,441.705882352941,89.2696050657322,15.3096109650036,411.699044861534,471.712719844348,95.7058823529412,57.226572240612,9.81427617182053,76.4699010561729,114.941863649709,65.3685294117647,6.12329636534903,1.05013666306562,63.3102615521561,67.4267972713733,36.2097058823529,16.2866218543326,2.79313260476911,30.7351659770055,41.6842457877004,101.578235294118,17.4436237322598,2.99155678984084,95.7147839860296,107.441686602206
45,37,81.4902702702703,10.1785931374753,1.67335040399419,78.2105034784417,84.7700370620989,586.540540540541,119.137547629852,19.5860921803914,548.151799866973,624.929281214108,477.513513513513,116.115273572243,19.0892333859612,440.09861607703,514.928410949997,109.027027027027,68.433863647274,11.2504578810048,86.9761295802577,131.077924473796,62.672972972973,7.19052496339796,1.18211502217652,60.356027529507,64.9899184164389,32.8805405405405,17.1546074060369,2.82020008517345,27.3529483736006,38.4081327074805,95.5535135135135,19.5705832559732,3.21738406825718,89.2474407397294,101.859586287298
46,34,82.1885294117647,10.2697918695835,1.76125477534161,78.7364700520951,85.6405887714343,561.676470588235,129.306476574592,22.1758777823055,518.211750134917,605.141191041554,465.088235294118,140.517521315996,24.0985560934257,417.855065351003,512.321405237232,96.5882352941177,61.7267279896367,10.5860465156992,75.8395841233472,117.336886464888,63.5411764705882,8.53949603392197,1.46451148764768,60.6707339547988,66.4116189863777,33.3682352941176,23.922108890337,4.10260782831783,25.3271239506147,41.4093466376206,96.9094117647059,27.7405382112452,4.75746305432025,87.5847841782382,106.234039351174
47,27,82.1137037037037,9.40962892595752,1.81088393112535,78.564371198698,85.6630362087094,585.074074074074,115.237188817715,22.1774073281878,541.606355710826,628.541792437322,480.222222222222,109.175347080998,21.0108053420284,439.041043751847,521.403400692598,104.851851851852,61.0111614654386,11.7416034985476,81.8383089946986,127.865394709005,62.6977777777778,7.47445924636967,1.43846035264614,59.8783954865914,65.5171600689642,31.5874074074074,12.3245544755153,2.37186161469365,26.9385586426079,36.236256172207,94.2851851851852,14.5271410100517,2.795749590903,88.8055159870153,99.7648543833551
48,34,83.3494117647059,10.4609490099583,1.79403795445578,79.8330973739725,86.8657261554392,572.882352941176,117.880978676332,20.2164210582052,533.258167667094,612.506538215259,474.294117647059,100.824639067726,17.2912829476192,440.403203069725,508.185032224392,98.5882352941177,76.72308239734,13.1579000789159,72.7987511394424,124.377719448793,63.2185294117647,7.22406505740737,1.2389169363228,60.790252216572,65.6468066069574,33.9232352941176,22.0951439503205,3.78928592600002,26.4962348791576,41.3502357090777,97.1417647058824,23.6594754508553,4.05756656503561,89.1889342384126,105.094595173352
49,34,83.6994117647059,10.5828766614457,1.81494837417562,80.1421129513217,87.2567105780901,537.588235294118,105.944272843352,18.1692928965868,501.976421216808,573.200049371428,447.264705882353,93.7376444621093,16.0758733998433,415.75599401866,478.773417746046,90.3235294117647,65.1858511271102,11.1792812396096,68.4121381821299,112.2349206414,65.2391176470588,5.7804410902509,0.99133746847765,63.2960962088426,67.182139085275,32.5491176470588,19.5596226597499,3.35444761206846,25.9744003274046,39.123834966713,97.7882352941176,19.7199598116543,3.38194520676585,91.1596226888566,104.416847899379
50,35,85.06,12.0208177269073,2.03188904944234,81.077497463093,89.042502536907,541.428571428571,121.583978654863,20.5514433733957,501.147742416716,581.709400440427,455.4,96.6622987518919,16.3389106124001,423.375735199696,487.424264800304,86.0285714285714,79.7261805528536,13.4761841414996,59.6152505112321,112.441892345911,64.3668571428571,6.53371292128872,1.10439905492037,62.2022349952132,66.5314792905011,30.4408571428571,13.5520771951211,2.29071914037318,25.9510476277257,34.9306666579886,94.8077142857143,13.5422076759846,2.28905088715511,90.3211745468903,99.2942540245383
51,36,84.9722222222222,9.75090914768204,1.62515152461367,81.7869252339794,88.157519210465,577.583333333333,107.661473411536,17.9435789019227,542.413918685565,612.752747981102,489.916666666667,104.872269247608,17.4787115412681,455.658392045781,524.174941287552,87.6666666666667,59.8173410117358,9.96955683528929,68.1263352694997,107.206998063834,62.5502777777778,6.61120628116106,1.10186771352684,60.3906170592652,64.7099384962904,38.0725,23.8416085716907,3.97360142861511,30.2842411999144,45.8607588000856,100.622777777778,24.1947490892562,4.0324581815427,92.7191597419541,108.526395813601
52,34,80.6544117647059,9.86465843337366,1.6917749642377,77.3385328348,83.9702906946118,591.676470588235,117.088342868326,20.0804851385988,552.318719716582,631.034221459889,477.941176470588,114.605235793576,19.654635788522,439.418090325085,516.464262616091,113.735294117647,62.4947555731943,10.7177621596297,92.7284802847728,134.742107950521,64.0094117647059,7.76260770819784,1.33127623897226,61.4001103363203,66.6187131930915,35.9185294117647,21.5511647906196,3.69599426976431,28.6743806430267,43.1626781805028,99.9279411764706,23.7741086286604,4.07722599283957,91.936578230505,107.919304122436
53,39,82.8992307692308,10.7104981417927,1.71505229377808,79.5377282734257,86.2607332650358,567.461538461538,119.103636020738,19.0718453474738,530.08072158049,604.842355342587,467.358974358974,103.445253046564,16.5644973902464,434.892559474091,499.825389243857,100.102564102564,70.8767629027183,11.3493651912932,77.8578083276295,122.347319877499,64.13,6.75930898056427,1.0823556680559,62.0085828906104,66.2514171093896,33.3917948717949,17.8703392704511,2.86154443524788,27.783167778709,39.0004219648807,97.5217948717949,20.0344405924286,3.20807798458329,91.2339620220116,103.809627721578
54,36,84.5786111111111,8.99875297798146,1.49979216299691,81.6390184716372,87.5182037505851,569.833333333333,107.445002542829,17.9075004238049,534.734632502676,604.932034163991,480.861111111111,98.2373664077481,16.3728944012914,448.77023808458,512.951984137642,88.9722222222222,55.6270674664828,9.27117791108047,70.8007135165045,107.14373092794,62.5777777777778,6.03203879824161,1.00533979970693,60.6073117703522,64.5482437852034,39.3361111111111,29.704631123088,4.95077185384801,29.632598277569,49.0396239446532,101.913888888889,29.904752921594,4.98412548693234,92.1450029345015,111.682774843276
55,31,81.7874193548387,11.6014162835813,2.08367587555097,77.7034146387588,85.8714240709186,605.451612903226,125.018622268758,22.4540074115516,561.441758376585,649.461467429867,491.645161290323,109.165790852598,19.6067548370726,453.21592180966,530.074400770985,113.806451612903,79.2058160132359,14.2257845073344,85.9239139785278,141.688989247279,62.5870967741935,7.25946150140095,1.30383777551086,60.0315747341923,65.1426188141948,33.2335483870968,20.4694208594816,3.67641651578036,26.0277720161673,40.4393247580263,95.8206451612903,18.9585567199411,3.40505730567677,89.1467328421638,102.494557480417
56,33,81.1460606060606,11.9871131166437,2.08668855302114,77.0561510421392,85.235970169982,546.363636363636,138.999509482457,24.1967087896979,498.938087135828,593.789185591444,440.212121212121,113.571496637514,19.7702599180389,401.462411772765,478.961830651477,106.151515151515,70.7279653019764,12.312158410284,82.0196846673586,130.283345635672,65.0672727272727,6.25492819339642,1.08884323807766,62.9331399806405,67.2014054739049,33.2893939393939,18.3618287725164,3.19638411177955,27.024481080306,39.5543067984819,98.3566666666667,20.2565852975438,3.52621888626307,91.445277649591,105.268055683742
57,36,86.0697222222222,10.9229531553935,1.82049219256558,82.5015575247937,89.6378869196508,531.888888888889,115.18972617327,19.1982876955451,494.260245005621,569.517532772157,457.916666666667,117.819322936193,19.6365538226988,419.429021174177,496.404312159156,73.9722222222222,62.7555284354004,10.4592547392334,53.4720829333248,94.4723615111197,63.8819444444444,7.41201026113099,1.23533504352183,61.4606877591416,66.3032011297472,38.8372222222222,29.9038844692325,4.98398074487209,29.0686199622729,48.6058244821715,102.719166666667,29.6660577933773,4.94434296556288,93.0282544541634,112.41007887917
58,31,86.7425806451613,9.84749476355685,1.76866227121571,83.2760025935785,90.2091586967441,549.58064516129,110.709461864091,19.8840063353217,510.60799274406,588.553297578521,476.258064516129,108.820331354619,19.5447084796,437.950435896113,514.565693136145,73.3225806451613,57.1683986696463,10.2677475094489,53.1977955266415,93.4473657636811,63.3629032258064,6.77708304683187,1.21720004748677,60.9771911327324,65.7486153188805,36.2277419354839,19.1065271063194,3.43163357161325,29.5017401351219,42.9537437358458,99.5906451612903,19.2047983475457,3.44928360757425,92.8300492904448,106.351241032136
59,35,83.916,10.88741291584,1.84030866976168,80.3089950072671,87.5230049927329,558.257142857143,120.549072960337,20.3765123832014,518.319178586068,598.195107128218,469.514285714286,125.908316650175,21.2823899045201,427.800801501426,511.227769927145,88.7428571428571,65.6077214148129,11.0897289793545,67.0069883433224,110.478725942392,63.624,7.60596948223603,1.28564349384941,61.1041387520552,66.1438612479448,34.5125714285714,20.9997693744839,3.54960888703254,27.5553380099877,41.4698048471552,98.1365714285714,22.9200357949183,3.87419315412102,90.5431528464942,105.729990010649
60,34,84.875,13.9388320127186,2.39048996872034,80.1896396613081,89.5603603386919,594.058823529412,151.241516902396,25.9377061635677,543.220919448819,644.896727610004,497.852941176471,137.258246394191,23.5395950557457,451.715334867209,543.990547485732,96.2058823529412,101.34961374753,17.3813153624412,62.1385042425563,130.273260463326,62.4082352941176,8.408105205995,1.44197814655751,59.5819581268649,65.2345124613704,37.8279411764706,29.7754913227572,5.1064546337759,27.8192900942698,47.8365922586714,100.236176470588,27.9204840644312,4.78832351354392,90.8510623840422,109.621290557134
61,30,80.2826666666667,13.5983231555835,2.48270277885264,75.4165692201155,85.1487641132178,578.3,116.290999444171,21.2317345434644,536.68580029481,619.91419970519,460.533333333333,107.16913262925,19.5663171364344,422.183351745922,498.883314920745,117.766666666667,92.2659885530858,16.8453877403462,84.7497066955881,150.783626637745,64.0903333333333,6.99244936777661,1.27664075031466,61.5881174627166,66.5925492039501,31.571,17.2687096636742,3.15282060726728,25.3914716097561,37.7505283902439,95.6613333333333,18.944464705779,3.45877021973854,88.8821437026458,102.440522964021
62,34,83.0382352941176,11.8862603315859,2.0384768295025,79.0428207082927,87.0336498799425,615.852941176471,113.658481626462,19.4922687883841,577.648094351238,654.057788001703,510.470588235294,118.782009477029,20.3709465656946,470.543532966533,550.397643504056,105.382352941176,83.0950586380049,14.2506849887516,77.4510103632232,133.31369551913,61.0976470588235,8.38154938263063,1.43742386042322,58.280296292394,63.914997825253,39.4461764705882,22.7346430371915,3.89895911459833,31.8042166059755,47.088136335201,100.543823529412,24.2648622391116,4.16138954268554,92.3875000257481,108.700147033075
63,35,86.612,11.0049873185912,1.86018237110814,82.966042552628,90.257957447372,543.714285714286,127.313778984553,21.5199563988723,501.535171172496,585.893400256075,467.428571428571,112.028695303608,18.9363056975057,430.31341226146,504.543730595683,76.2857142857143,71.5576984096098,12.0954586538923,52.5786153240853,99.9928132473433,64.4628571428571,7.56805343355273,1.27923451187597,61.9555574995802,66.970156786134,35.292,18.1964407961299,3.07575987195294,29.2635106509722,41.3204893490278,99.7548571428571,19.0984143738856,3.22822123333153,93.4275435255274,106.082170760187
64,31,84.3361290322581,11.1241759776981,1.99796098627346,80.4201254991621,88.2521325653541,520.741935483871,115.643984637316,20.7702727883648,480.032200818676,561.451670149066,438.838709677419,114.591185459206,20.5811844740069,398.499588108366,479.177831246473,81.9032258064516,63.0689331016519,11.3275147782287,59.7012968411235,104.10515477178,65.5890322580645,6.8256732780675,1.2259271106434,63.1862151212035,67.9918493949256,43.5048387096774,38.185061203824,6.85823945042369,30.062689386847,56.9469880325079,109.093870967742,37.5460105894461,6.74346257181795,95.8766843269788,122.311057608505
65,33,86.9566666666667,9.99942300418713,1.74067611747838,83.5449414764091,90.3683918569243,524.272727272727,145.728830522497,25.3681332225214,474.551186156585,573.994268388869,454.909090909091,137.759837134314,23.9809095331801,407.906508224058,501.911673594124,69.3636363636364,59.2699429421325,10.3175727359944,49.1411938010874,89.5860789261853,64.2651515151515,8.45271706361781,1.47142917289132,61.3811503362845,67.1491526940185,39.5627272727273,22.7218697339049,3.95536982220889,31.8102024211979,47.3152521242567,103.827878787879,20.9907157687595,3.65401459785796,96.6660101760772,110.98974739968
66,34,82.5144117647059,10.3143895341254,1.76890321171121,79.0473614697519,85.9814620596598,550.529411764706,133.565608732215,22.9063129212728,505.633038439011,595.4257850904,453.823529411765,123.455174195538,21.1723877030567,412.325649513773,495.321409309756,96.7058823529412,68.2622081041807,11.7068721085705,73.760413020143,119.651351685739,64.7408823529412,7.588427939422,1.30140465506676,62.1901292290103,67.291635476872,38.0808823529412,20.5988199673269,3.53266848000183,31.1568521321376,45.0049125737448,102.821764705882,21.1467679987142,3.62664079211637,95.7135487533343,109.92998065843
67,32,83.9809375,9.82164671804236,1.73623824918659,80.5779105315943,87.3839644684057,584.65625,117.482355401333,20.7681425435127,543.950690614715,625.361809385285,493.8125,123.805893210091,21.8859966599282,450.915946546541,536.709053453459,90.84375,55.2198593162209,9.76158424466673,71.7110448804532,109.976455119547,61.564375,7.38999538936519,1.30637896318936,59.0038722321489,64.1248777678511,34.1178125,17.2782114767321,3.05438512549313,28.1312176540335,40.1044073459665,95.6821875,18.2390498716839,3.22423896166684,89.362679135133,102.001695864867
68,37,82.6867567567568,10.2318647301387,1.6821081998802,79.3898246849916,85.9836888285219,601.27027027027,112.695669010898,18.5270538590913,564.957244706451,637.583295834089,494.432432432432,102.791736735698,16.8988574227077,461.310671883925,527.55419298094,106.837837837838,73.5241885797205,12.0873021449542,83.1467256337277,130.528950041948,62.6575675675676,6.80562692246701,1.11883817403165,60.4646447464655,64.8504903886696,32.8862162162162,17.0547634843614,2.8037858455614,27.3907959589159,38.3816364735166,95.5437837837838,16.181253960362,2.66018176441431,90.3298275255317,100.757740042036
69,32,83.7459375,11.0032035978311,1.94510996970064,79.9335219593867,87.5583530406133,576.78125,113.50820188498,20.0656048182902,537.452664556151,616.109835443849,481.3125,106.808975550112,18.8813377257682,444.305078057494,518.319921942506,95.46875,71.8762307047509,12.7060425343645,70.5649066326455,120.372593367354,63.5153125,6.52803481982679,1.15400442223036,61.2534638324285,65.7771611675715,44.1365625,29.1912726252186,5.16033670618933,34.0223025558689,54.2508224441311,107.651875,28.6546940857019,5.06548212520647,97.7235300345953,117.580219965405
70,31,84.4116129032258,10.5827136081361,1.90071147385214,80.6862184144756,88.137007391976,552.903225806452,137.514448898703,24.698324127497,504.494510516557,601.311941096346,466.741935483871,130.175258207781,23.3801665668219,420.9168090129,512.567061954842,86.1612903225806,65.4395888201189,11.7532971145454,63.1248279780716,109.19775266709,64.1551612903226,8.95456973504506,1.60828820178259,61.0029164148287,67.3074061658164,37.6348387096774,26.5885654459416,4.77544732737701,28.2749619480185,46.9947154713363,101.79,26.9152712538192,4.83412542267477,92.3151141715575,111.264885828443
71,36,83.4697222222222,10.9935714945758,1.83226191576263,79.8784888673275,87.060955577117,570.527777777778,129.88005150052,21.6466752500867,528.100294287608,612.955261267948,472.694444444444,111.63558558208,18.6059309303467,436.226819820965,509.162069067924,97.8333333333333,78.8011965101328,13.1335327516888,72.0916091400233,123.575057526643,63.6477777777778,6.51810406751232,1.08635067791872,61.5185304490571,65.7770251064985,31.4791666666667,12.6366655581515,2.10611092635858,27.3511892510039,35.6071440823295,95.1269444444444,14.9352761358459,2.48921268930765,90.2480875734014,100.005801315487
72,30,86.398,9.4491318338667,1.72516755141632,83.016671599224,89.779328400776,542.9,130.935190601805,23.9053858212824,496.045443790287,589.754556209713,470.1,130.585247622202,23.8414952666926,423.370669277283,516.829330722717,72.8,56.0876161880247,10.2401508609577,52.7293043125229,92.8706956874771,64.01,7.59024146633303,1.38578215600723,61.2938669742258,66.7261330257742,35.9263333333333,26.4477112605144,4.82866935058904,26.4621414061788,45.3905252604879,99.9363333333333,24.7716178641847,4.52265796337064,91.0719237251269,108.80074294154
73,36,82.1827777777778,10.3515286962461,1.72525478270768,78.8012784036707,85.5642771518848,592.361111111111,149.911622112645,24.9852703521075,543.38998122098,641.332241001242,484.277777777778,131.629482392512,21.9382470654187,441.278813529557,527.276742025998,108.083333333333,77.2629554554722,12.8771592425787,82.8441012178791,133.322565448788,63.6075,8.95882497875698,1.4931374964595,60.6809505069394,66.5340494930606,34.5519444444444,20.9314897182546,3.4885816197091,27.7143244698146,41.3895644190743,98.1594444444444,22.6681318083899,3.77802196806499,90.7545213870371,105.564367501852
74,31,84.058064516129,10.4984657353205,1.88558010920999,80.3623275020775,87.7538015301806,553.741935483871,132.023979574908,23.7122067263281,507.266010300268,600.217860667474,461.41935483871,105.768544219142,18.9965913294113,424.186035833064,498.652673844356,92.3225806451613,69.2788505951488,12.4428488852095,67.9345968301507,116.710564460172,65.0825806451613,6.84162552212164,1.22879221825475,62.674147897382,67.4910133929406,37.8929032258064,18.9171837568472,3.39762650214454,31.2335552816032,44.5522511700097,102.975483870968,20.9104495151283,3.75562760068026,95.6144537736345,110.336513968301
75,35,83.3851428571429,10.1957382594622,1.72339431401657,80.0072900016704,86.7629957126153,590.685714285714,133.397630155458,22.5483149393173,546.491017004652,634.880411566776,490.885714285714,125.445974176036,21.2042397626882,449.325404350846,532.446024220583,99.8,79.5530899314857,13.4469264864791,73.444024086501,126.155975913499,62.5925714285714,7.94611682553447,1.34313888873406,59.9600192066527,65.2251236504902,37.3482857142857,19.847673516904,3.35486914385479,30.7727421923303,43.9238292362411,99.9408571428571,18.7674250594306,3.17227382785527,93.7232004402608,106.158513845453
76,32,83.5234375,9.60791394544438,1.69845527597013,80.1944651590985,86.8524098409015,591.21875,152.786744564167,27.0091357891849,538.280843853198,644.156656146802,490.65625,133.187137171968,23.5443819652803,444.509261348051,536.803238651949,100.5625,70.9888394226913,12.549172436087,75.9661220252695,125.15887797473,62.7346875,7.73575193266367,1.36750066229085,60.0543862019099,65.4149887980901,30.0596875,14.4279405197391,2.55052364501592,25.0606611557688,35.0587138442312,92.794375,15.0737085655573,2.66468038608382,87.5716014432757,98.0171485567243
77,33,84.1312121212121,10.4967640125349,1.82725207442221,80.5497980553446,87.7126261870796,542.939393939394,126.638989699544,22.0450184794944,499.731157719585,586.147630159203,455.151515151515,121.014493246708,21.0659193210536,413.86231328225,496.44071702078,87.7878787878788,63.5259580682169,11.0584498728551,66.1133170370827,109.462440538675,62.9887878787879,7.86467766248869,1.36906465233317,60.3054211602149,65.6721545973609,37.3551515151515,17.0452310268173,2.96719386237169,31.539451544903,43.1708514854,100.343939393939,17.3826585530296,3.02593245518965,94.4131117817677,106.274767006111
78,32,84.91125,10.4433812192375,1.84614641965977,81.2928030174669,88.5296969825331,564.40625,119.522398865841,21.1287746854298,522.993851616558,605.818648383442,475.34375,102.067216744021,18.0431052741336,439.979263662698,510.708236337302,89.0625,73.423621715402,12.9795852035591,63.6225130010241,114.502486998976,63.8415625,7.29532068736197,1.28964268224104,61.3138628428076,66.3692621571924,40.5225,24.5250469730897,4.33545675589759,32.0250047584407,49.0199952415593,104.3640625,23.8347735745655,4.2134325056553,96.1057347889156,112.622390211084
79,36,85.0125,9.46903988948042,1.5781733149134,81.9192803027697,88.1057196972303,546.027777777778,142.719001860521,23.7865003100869,499.406237170008,592.649318385548,460.888888888889,119.168494824472,19.8614158040786,421.960513912895,499.817263864883,85.1388888888889,66.3958487419111,11.0659747903185,63.4495782998646,106.828199477913,63.9686111111111,7.24422337463356,1.20737056243893,61.6021648087308,66.3350574134914,29.6544444444444,15.5687594596073,2.59479324326788,24.5686496876394,34.7402392012495,93.6230555555556,17.7628974180042,2.9604829030007,87.8205090656742,99.4256020454369
80,35,83.4502857142857,9.84061825105645,1.66336807680789,80.1900842837423,86.7104871448292,576.514285714286,116.886664923655,19.7574524362507,537.789678939234,615.238892489337,479.828571428571,106.398110806505,17.9845632086387,444.57882753964,515.078315317503,96.6857142857143,62.1458301230314,10.5045625484231,76.096771690805,117.274656880624,63.4354285714286,7.67189229776927,1.29678648345573,60.8937270638554,65.9771300790018,33.6885714285714,13.3171298671733,2.25100579360275,29.27660007311,38.1005427840328,97.124,12.9337063520091,2.18619539056194,92.8390570344986,101.408942965501
81,35,86.042,9.75192041419052,1.6483754059654,82.8111842043078,89.2728157956922,566.514285714286,120.565913490498,20.379358952345,526.57074216769,606.457829260882,488.6,126.318039324649,21.3516456768382,446.750774473397,530.449225526603,77.9142857142857,55.5667968085531,9.39250294887672,59.5049799344873,96.3235914940841,62.5677142857143,8.32731087365871,1.40757244306394,59.808872297309,65.3265562741196,31.3377142857143,13.3823936322218,2.26203738334482,26.9041210143584,35.7713075570701,93.9054285714286,13.6649987285803,2.30980636326388,89.3782080994314,98.4326490434258
82,32,84.64125,10.076982635306,1.78137568883098,81.1497536498913,88.1327463501087,552.0625,115.136367254296,20.3534265116744,512.169784037118,591.955215962882,464.6875,100.180945165204,17.7096564179983,429.976573420723,499.398426579277,87.375,65.3075848976311,11.5448590360078,64.7470762894248,110.002923710575,64.0034375,6.45986547816344,1.14195367129056,61.7652083042705,66.2416666957295,40.820625,32.8155323114999,5.80102135642697,29.4506231414031,52.1906268585969,104.8240625,33.4940019531061,5.9209589775292,93.2189829040428,116.429142095957
83,33,84.1981818181818,10.5935913570851,1.84410755159392,80.5837310170577,87.8126326193059,561.878787878788,133.587929276881,23.2546735924949,516.299627637498,607.457948120078,473.272727272727,121.700265182351,21.1852968921305,431.749545364152,514.795909181303,88.6060606060606,64.0185224143858,11.1441943196436,66.7634397395592,110.448681472562,63.5821212121212,8.40873383660397,1.46377267583138,60.7131267674917,66.4511156567507,35.8245454545455,18.8545080966909,3.28214857366967,29.3915342501529,42.257556658938,99.4066666666667,20.6887529328538,3.60144961519776,92.3478254208791,106.465507912454
84,36,85.0205555555556,10.9930388218946,1.83217313698244,81.42949620707,88.6116149040411,563.027777777778,143.613466561384,23.9355777602307,516.114045367726,609.94151018783,480.833333333333,147.809046697806,24.6348411163011,432.549044745383,529.117621921283,82.1944444444444,70.529758438526,11.7549597397543,59.154723354526,105.234165534363,62.8316666666667,10.2355440918958,1.70592401531597,59.4880555966474,66.175277736686,43.4405555555556,27.3289104842101,4.55481841403502,34.5131114640469,52.3679996470642,106.272222222222,23.9063760904445,3.98439601507409,98.462806032677,114.081638411767
85,33,83.1990909090909,12.1908973120409,2.12216282807671,79.0396517660606,87.3585300521213,575.848484848485,132.75709049146,23.1100431242517,530.552800324951,621.144169372018,471.818181818182,103.280702016838,17.9788625125501,436.579611293584,507.05675234278,104.030303030303,86.7847498298538,15.1072858230826,74.4200228170612,133.640583243545,63.6954545454545,7.75432221849091,1.34985423532008,61.0497402442272,66.3411688466819,35.939696969697,19.1901998890137,3.3405850140008,29.3921503422554,42.4872435971385,99.6351515151515,20.7791155853077,3.61717973392287,92.5454792366627,106.72482379364
86,36,83.0280555555556,13.2684695682109,2.21141159470182,78.69368882994,87.3624222811711,557.333333333333,135.833721880835,22.6389536468058,512.960984185594,601.705682481073,457.638888888889,115.840321817276,19.3067203028794,419.797717095245,495.480060682533,99.6944444444444,88.7847539822155,14.7974589970359,70.691424810254,128.697464078635,64.0091666666667,9.61669690100059,1.60278281683343,60.8677123456731,67.1506209876602,34.4897222222222,23.5866542756838,3.93110904594731,26.7847484921655,42.1946959522789,98.4988888888889,24.1810963685955,4.03018272809925,90.5997307418144,106.398047035963
